x1,x2,x3,y
-1.0,-0.32123943101019203,0.3905435513702804,-2.1544404525633185
-0.07632184152868415,1.0,-0.6253096851244169,9.176260095642297
-0.251889242462878,0.23086096704088055,-0.8154628505083374,-1.3471316013543233
-0.5053752713374506,-0.1030417967875441,-0.4432752341583166,-0.39215251519177585
1.0,1.0,-0.9294328336452551,35.770426028476734
0.5825641848980796,-0.18450033395253174,0.6206882319018228,1.3003355847478502
-0.5245239326958135,-0.05441781432378079,0.1071989740903656,0.34662673754111556
-0.6692246197175999,-0.38856747996327856,0.5868259906584605,1.2808140116518838
-1.0,0.8260030888663632,-1.0,20.471002327270558
-1.0,-0.4497114156102149,-0.6887805956122173,0.12571713642844237
-0.5677496223602885,-0.7986899989268961,0.2915786071432709,2.2060835093587885
0.23921371215013942,1.0,-0.615992850514073,9.856917491642953
-1.0,-1.0,0.2470447518460932,9.875496158205088
-0.43666709677430315,-0.13404756699816311,-0.827776196246679,-0.32683769700463117
1.0,1.0,-0.3923772176441005,18.120151805865923
0.12467232093639957,0.22303739498207587,-1.0,-3.3089133417585477
1.0,-0.8479848415890077,-0.9193117230751682,-5.7008812068825385
0.5811737721090504,-0.02580945035822535,0.7329284586581375,1.0511331940277748
0.13363149434595778,-0.5025584733108759,0.5853135307042754,0.5553687784271832
1.0,-0.540257562535067,1.0,4.3252580405336
-0.34895944325783956,0.007193561909330404,0.0281939683139123,-0.5687217754311442
1.0,0.30481014043797794,1.0,18.711321688961995
0.7330818719138903,-1.0,0.03690892397601786,-2.5684891355978787
0.27128228721380143,0.5616443556355202,0.6131295310998661,0.8661962332542936
-0.8830421695667605,1.0,0.1708830930703904,3.6145337260562345
-1.0,-0.5043911454638919,0.6108400421666969,0.8648072329982973
-0.043281406522018395,0.4195686333080979,-0.6843433303679924,-0.11246127649330417
-0.1976899604400877,-0.5732282125511419,0.1359151574819626,1.193394842915294
0.04725470251360475,-0.9452296240613971,-0.4272579745165548,0.8579474234197202
0.5885333496894605,0.5038644549538305,0.6007660553102152,2.277904963031378
0.09819015656776053,1.0,-1.0,4.780656962888518
-0.18399398405833356,-0.6974252420907125,-1.0,-6.875179223049893
-1.0,-0.6411732043676457,0.1923372661237115,1.572263813281132
1.0,-1.0,0.3535660698329455,-7.656921151778008
1.0,0.06438948071058137,1.0,12.962150934891648
0.794150135582002,1.0,0.14484051557298772,7.842796975461598
0.47333032424031307,-1.0,1.0,-6.778857280650281
1.0,-0.5899051234693193,-1.0,-0.28068722888448217
1.0,-0.7195737678916547,-0.3857466578882538,2.2406549723102085
-0.22124944183568163,0.4687311852764071,0.010720678490444335,0.0962394056835571
0.47215769928264106,-1.0,-0.27668687228116373,-0.6414016328225882
-0.13587998370564147,-0.5496021824433159,0.1095555953251357,2.131612188170169
-0.4957563284950621,-0.7328244581485541,-0.5679863439852624,1.1474759232308818
0.7525814548938352,0.11798867634843324,-0.39749692243400947,2.413255980512084
-1.0,-0.6465267085297317,0.6738263824950221,5.01993384017102
-1.0,-1.0,-0.10377128120557044,6.709917135042518
-0.4844919734218096,0.8660804928798247,1.0,10.705017210388068
0.20940471019388696,-0.47852401991150884,-0.13811089898981388,1.2570748237105884
-0.03583457953296332,-1.0,0.9649864876291749,-5.662425454202861
-0.6940333951205009,0.866853532568828,-1.0,-1.7446809598028807
-1.0,-0.8274555102318069,0.7591133328659374,10.810244999019828
0.5631732961612788,-0.02434181130316082,-1.0,-2.311796496660751
-1.0,0.3278281679413606,-0.41734249477036434,-1.7820344679721842
-0.028686846244600606,-1.0,0.06169885039401679,2.0622229871028184
-1.0,-0.0681159270667997,0.3914178767934662,-4.088811384347699
-1.0,-0.9071427810623895,0.019016016764031862,5.624969241417286
-0.414009514534734,-0.41493089732614696,1.0,0.7203154384571258
-0.2071994865288782,0.2151988058187655,0.40164758142823365,0.6392753186086266
0.5707425438078524,0.2753873104566975,-0.36312007111183653,0.7704380222423085
-0.3762321519161802,0.28385657268438713,-1.0,-2.7504103950997254
-1.0,0.952988923538711,-0.2106116077314386,7.328229369666043
2.9153276921656257e-05,0.02985646512277018,-1.0,-2.650374420246248
0.1236719622816882,-0.4704071130052856,-0.4284988419329836,0.9057503521522897
1.0,1.0,-0.15312046807029134,15.556928246171685
-0.39929321225110637,-0.4821322637509766,0.062109451262893245,1.1556041825132917
0.19713720856128392,0.474933492368935,0.7116897516095781,1.1096016144745375
1.0,0.030484791348845297,-1.0,8.413970190817839
0.3548577837333904,0.0060196842885757995,-1.0,-2.966613491964978
0.3735147469919047,-0.5324711481259479,-0.01576236073061077,1.0050041388039175
-0.442742661221043,-0.5879766033679816,-0.9640132493282496,-3.2057145391382695
1.0,-0.49303295154237325,0.6683840352217156,5.245334167889374
-0.695698138682147,0.4472634965978566,0.10086528033869113,-2.078539890927513
0.13913270114558496,0.7374770745974828,-0.08060818644889589,1.44136286273885
-0.660271404475018,-0.9283544550511966,-0.32111952501540797,4.033799937601506
0.6574383833412973,1.0,-0.5342443531850634,11.075719593048479
-0.5200247576010746,-0.03426893116399854,-0.47666178188972563,-0.49032422816789206
-1.0,0.0499479389036499,-0.946741180720156,8.911564462276647
1.0,0.7501543826388193,-0.6173618794927453,8.7311317035818
-0.8960192116939112,-0.8208459205424892,1.0,10.890797980552955
0.28457337561030194,0.6212990573013357,-0.09713253798566135,1.6517167367645316
-0.6870000807068497,0.3877421106010148,1.0,3.839196493149023
-1.0,0.8343404811733,0.4574098972318732,-1.9443595463781687
1.0,0.33141095241493423,-0.09483528400647012,5.202570417435557
0.5775860070982279,-1.0,-0.8338043582765988,-12.123219850503462
1.0,0.6214745895855311,0.031461373666195946,8.1212734359617
0.3073789884987064,0.7077636420781506,-0.5837382627762091,1.9526549109400722
-0.9575020661616496,0.31342232080682964,-1.0,12.426922019093148
1.0,-0.2720119260376983,0.17701352885160904,3.8044166892710196
0.5512831897718236,-1.0,-0.28346249892540465,-1.2882487694405202
1.0,-0.6138896586760949,-1.0,-1.6800473834769112
0.6080551953779989,-0.15723579343678162,-0.06692686954787841,1.094124208545741
-0.3372543765312943,-0.9438490254222667,1.0,-2.865308720913285
1.0,-0.012205664538537553,-0.7402166716305691,7.356876826912941
-0.470638223345224,1.0,-0.209177411777409,5.942639614847169
-0.9135569534483907,-0.16154262280689835,-0.6396333203744424,0.6605399856528118
-0.45421532810555454,-1.0,-0.4578977416478014,1.3657861118466084
1.0,0.34944159499122684,-1.0,10.904232533361025
-0.3087879271366003,-1.0,0.7563949466785589,-0.7575668089022096
-1.0,0.7617957498177725,-1.0,18.662615859226243
0.23053373567926827,0.12474227845952024,0.7205105260371838,0.25425721139933477
-1.0,0.8112962121606158,1.0,11.764561265676136
-0.5180628826013196,-0.04980350390942512,-1.0,-0.8920131655374995
0.3217786343786051,-0.13681047530464197,-0.5123376490265077,1.56282652468758
0.912537512287954,-0.5676272410461516,0.6748332522857681,2.774407742486911
0.7279900873914982,0.59305610317022,1.0,9.38407582688786
-0.07668895336324555,0.3851425482197024,0.12671540361627032,-0.5783789085998543
0.007346623212040271,-0.2915186591362746,-0.4552230366970571,0.6356753868142265
-1.0,-0.24064833835137245,0.43829842232268734,-2.8552818575246897
-0.8628840872227366,-0.8203161337476221,-0.4817756754022462,3.5344703681384604
0.9814953720555988,-0.7988366125034767,0.08215721766549544,0.7545214432970528
-1.0,0.5527195335807025,-0.949868690486843,14.63521661477537
-1.0,-1.0,0.6122676748061255,14.160854922760006
-0.03307247895651977,0.7633726240198733,0.6671307675438727,3.413170488663037
0.8600661416723852,-0.6471986143978412,-0.044870429927197586,1.1611887899572297
0.5878545912570667,0.6580769788315517,0.9763805553746145,6.461053202201116
-0.6884803103906807,-1.0,-0.013834170002425594,4.947872237134485
0.04085693967118864,-0.9441847257565383,-0.41061758464724285,1.511930079029317
-0.2804455035498439,0.9669051617504898,-1.0,0.003078747727959047
0.923154686152825,-0.4991961672844931,-1.0,-1.0521582555796498
-1.0,0.8915613616756535,-0.2740658906958384,6.247352393069047
1.0,-0.11738176038963766,0.6445339773623391,6.754360990695382
0.5401856552628739,-0.976672022780422,0.4759000566827052,0.3003144128432833
0.01539594540959155,-0.8509143832919617,0.32898325010963214,0.6104645069797235
-0.17256542104189232,-0.3425163979084944,-1.0,-3.7976910063397105
-1.0,0.19481887034046563,-1.0,13.573427919345827
0.12483014709244178,0.3965004585705143,-0.5918478606323418,0.5521715907874852
0.5956436631612025,-0.6309975699755224,1.0,-3.3043331586926716
0.0015728588491763507,0.08297499332708069,0.6649587513704371,-0.035773801720292625
-1.0,1.0,0.5846563707203414,0.09141110120257201
-0.310736953492857,0.8554423498869357,1.0,11.077814707644176
-0.023233540463895697,0.061380460495983336,-0.5971487397665143,0.3553203537958189
0.768519326373674,0.8792378514515728,-0.0254657438710455,5.1772740898500045
-0.6192437187062203,-0.886536516242846,0.8074509170433477,2.807621914982911
0.625813389013075,1.0,0.021845848840679416,8.39891375435531
-0.3441372780403529,0.6074817275218025,-0.8189055728844352,-1.783871705089077
-0.5200335280282742,-0.8905094373173446,-0.7231918119668301,-0.8997477635479242
0.0743777484496535,-0.6739330013432772,0.0021514699203688536,2.0963180267575665
-0.10089754506348814,-1.0,1.0,-6.2344086927896925
0.08711373119106769,0.676037192652303,-0.6538554590233747,0.5624738432650473
-0.46308294368003233,-0.203080385658432,-0.6827686656609071,0.8196855319924552
-0.7936690373912803,0.9126080724262369,1.0,13.45432323976408
1.0,-0.7554876159779509,1.0,0.3952033727066613
-1.0,-0.8615673182550674,-0.3704169765458163,4.139462488569919
-1.0,-0.5135975974712919,0.734848889915791,2.8599220627688897
-0.5241789546681153,0.26775764057737916,1.0,2.06261790792583
-0.6144288033572509,-0.13370412611603522,1.0,1.6069448991636175
0.5277536302361696,-1.0,0.0768869671243857,-1.0121950130727455
-0.5607012978290917,0.09054956522146407,0.04095488680890225,-1.1792920269694007
0.5897198719675139,-0.7293986831448589,0.2183681100135042,1.4425501727098182
-1.0,0.0579235929427806,0.797443651320588,-2.578838965292262
1.0,-0.2224333060028023,0.28149060522644853,4.991404933690422
0.47997700133448706,0.21719832079074042,-0.23752879031620444,0.9429471481774977
0.9697663773374874,0.4517114559561113,-0.24564230431324718,5.090775746090466
-0.9040754384035552,0.19216274464944694,-0.780177287932416,2.2207302737637646
0.5916215923350523,0.9896800023043801,-0.5147172787090193,10.907512906281076
0.14589325685105403,-0.3882447369528099,0.09551417237575888,0.6652570064714505
0.875118524639954,-1.0,-1.0,-28.0237810562193
-0.17033775806333384,-0.012102208741727738,0.8035167653198227,0.8538402336671491
-0.7131271287376932,-1.0,1.0,3.173763578804793
0.9114674263290328,-0.4716883308199482,-0.9935575647560992,-1.5114689274537716
-0.9233794154037607,-0.5772251095886791,-0.8811002685872504,2.636036059649084
1.0,-0.512145710551448,0.21168043213958088,3.365898792028307
-0.14933522193800575,0.9286787698390839,0.7754668425595155,7.198217105871495
0.8936499725686353,-1.0,-1.0,-29.28836567972909
-0.06674345423688388,-0.9001859920206783,0.6542216109538332,0.8647292460803206
0.7550032721579478,0.5959217090757405,-0.8284592222125227,1.5325088275552743
-1.0,-0.4420709144401831,-0.6882610440928976,-0.0759514032963744
1.0,-0.190926753763345,0.5023183936856463,5.874747125772737
-0.6707608523119271,-1.0,1.0,0.8215210154931335
0.048288905217695355,0.027033984996599036,-0.234465726801379,1.1658459201249074
0.8181277926500163,0.19536620852762088,0.03748728951592106,3.1312405823357903
0.040516987930627746,-0.515776606000945,0.11658126342574127,1.5769051349357277
0.3463380577307942,0.10485924158471893,1.0,-0.09986924292601404
1.0,0.6224683350100919,0.864379149794279,17.446112410433496
-1.0,1.0,1.0,17.233281185670545
-1.0,0.9309872003955046,0.500022426368895,0.021229235616118447
-0.7291209461237984,0.8945086608517208,1.0,12.014645757555758
0.03498382707502978,-0.944088273492407,1.0,-4.814416993800065
0.8320863148172948,0.2609682702650933,1.0,8.285827360822399
0.4037461206543236,0.16129939742597066,-0.47479707584685826,1.7161984072737049
0.9365426830691292,-0.43127775721360573,0.9634170084507936,3.3699142504415915
0.5420496030522532,0.4962203407067285,0.9860525168788652,3.569207857299387
1.0,0.3103410132504745,-0.9199123913187295,9.729412841825463
1.0,-0.10058981573320769,-0.5485568763306314,5.90540978369563
1.0,1.0,-0.3955350106377311,18.068129434699202
0.3588383424875956,-0.12712337569653176,-1.0,-4.294528697673607
0.16507359264436183,0.4942774463436168,0.25615323210942487,0.9495962687988133
-0.22101123064061978,0.13640405916670595,-0.543443470040472,0.24573022266903294
-1.0,0.49046633935770334,-1.0,17.35633102164213
-0.44794184009176274,-0.5336035266075008,-0.03592454263461531,2.088505807524374
-0.030112363270447418,-1.0,-1.0,-16.186409961894885
-1.0,-1.0,0.04057854107280101,8.542986269021073
-0.046252820469643074,-0.01826303374458993,1.0,0.17079028602587903
-0.048120946935133135,0.3538746548053753,0.34266295637404287,-0.26233471378621276
-0.07705729645179726,-0.025256246187799425,1.0,-0.1910952914135587
0.6350615908422028,-0.34128753246113197,-1.0,-3.6889568472097305
0.8112330377389658,1.0,-1.0,17.187521179458052
1.0,0.9180133539294408,0.10959846913641602,11.188069205188462
0.7125800944255425,-0.6912014280671452,-0.27712052615549543,0.3666672180241336
0.8985908473690827,-1.0,-0.8796625611487938,-19.38749333455437
0.9513866523248371,-0.6886473953372398,0.7469193073559293,2.133536182295478
1.0,-0.4872462627960732,-0.07836784923356266,4.101129741055295
-1.0,-0.65357608301044,0.42875843304340866,2.6099189117714703
-0.9632438141249595,-0.47971878721473793,0.3393406105179162,0.3121116569505046
-0.36114916174566725,0.37505136158498664,0.039969644610837074,-0.4474983684175657
-0.2350690995588971,-0.5766290253074453,-0.43610048250829414,1.3049788574678485
-0.2387552779654254,-0.08882934515130314,-0.2861606164940209,0.6227736109713907
0.8428151005626685,-0.8168665945585716,-1.0,-11.90725736009661
0.4102667742438435,-0.5427355732547694,-0.14244300480521233,1.8726643764680282
0.02021135022855014,1.0,0.170766318045801,7.740765284096549
0.25538208560090525,0.3552285643111148,-1.0,-2.313406882430518
-0.23566601100003837,1.0,-1.0,3.237767227117889
1.0,0.8305871285538362,0.02087403403885646,8.957322667652312
0.4435390527116059,-1.0,0.2230735126760881,0.09324617156009818
-0.06474891942696548,0.04308442393773726,-0.11995313089667237,0.6285014170274926
0.3548776277577821,0.2436821944131391,0.9575724134331476,0.7903971531316629
-0.3547362716539597,-0.618204630145446,-0.09617846091370086,1.1983389209356565
-0.9332148850306516,-1.0,1.0,15.802934526871674
0.8018127000615212,-0.40505161217306784,-1.0,-3.4995511721273047
0.3318117870940469,-0.5716358348212842,-0.19048749041725666,0.9169299949423726
0.591036428039659,-0.5997825589562074,0.04356201297391893,2.068848375518225
-1.0,0.6516120012523332,0.4721764695345305,-3.990918360553674
-0.8567136046523505,0.769519603259105,-0.0640349715959283,-1.0804983979977245
0.2021897698900288,-0.7323433675352895,0.5956473726460358,0.5403760368094448
-0.2557589620570988,0.45325356071190126,0.24061757115374705,-0.8996973511446786
0.731298155915258,0.11492796706441055,-0.34178284830704486,1.8627502585298903
-0.2964954429876223,0.8297381447762238,-0.149069716627521,1.7816774790113727
-1.0,-0.07190500857255544,-0.3407656680823503,-2.4675920914172713
-0.7350626996692551,0.6323951428023207,0.2616803317303704,-1.9814402034352767
1.0,0.3206663765595146,-0.1394320408193519,4.91023636260413
-0.6425842356382754,0.6354710856724795,0.9577877821540508,5.0973959911188365
0.9949592947546197,-1.0,-0.9494950292833884,-24.829346535313046
0.07406427776519742,-0.10468658598462599,0.0183188816788471,0.9079104156707192
-0.755848385488944,0.4843413933417702,1.0,3.728384949857419
-0.42647405385580694,0.7549079856660825,-1.0,-4.3539308138264055
-1.0,-0.005750980409292783,0.3228673350006239,-4.310414401992087
0.32496458019914165,-1.0,-0.0027589338831124355,1.3141231985676498
-0.8515840175394851,-1.0,-0.8130028838972363,0.5721665233527234
1.0,-0.7679632336781441,-0.3350197365249721,1.088085171462993
-0.4127731424834782,-0.13397484348619226,-0.11393672282578793,-0.4181821156600699
0.913928168684744,-0.12905130397430797,-0.9239602243360063,3.3567320409787547
0.05909382110212302,-0.8247224161542974,0.5233250347111988,1.332227341870799
-0.9631869054705313,0.4403962967870829,-0.5868010200156089,1.296469045856397
0.5466698137167976,-0.6337911174159245,0.526232684135445,0.9194847849542096
-1.0,0.48216690670565976,1.0,4.502193977151793
0.09974761687858491,0.5833114840923577,-1.0,-3.603078414358928
0.07563680365339409,0.07600835911413806,0.12437497007593823,0.9425035772476831
0.579506314957424,0.3735453221028935,0.11591490872230437,0.9441578214872512
-0.72336657548622,0.42813215215811207,-0.1117680042320135,-2.524783820570114
-0.7647531556558422,0.16239372207539815,-1.0,3.362682393702742
1.0,-0.1753332877385827,-0.7729441385578686,6.809624583926086
-0.3152366181689412,-0.17753647838219866,-0.15425556972288246,0.5657567298320665
1.0,-0.2680902827517839,1.0,8.325447521126298
0.5355756437282302,-0.08739789584611302,1.0,-0.49714797461507404
-0.7867987525019993,0.7946609278768497,-0.33394692898942324,-1.066507438846655
-1.0,1.0,-1.0,22.303460374637105
-0.10631691141616573,-1.0,-0.9162474460904388,-11.23903973804682
0.011177148777198331,-0.5496398988571058,-0.008714094733919708,1.6938319548755527
0.9651687556551489,1.0,0.1962559493077547,11.469303310457898
0.1871457643431753,-0.10046345672931944,0.7902103231579314,-0.415163188964614
-0.47204579229028076,-1.0,1.0,-2.8994909350693554
0.343602198521908,-0.2163084812468492,1.0,-2.017714055220277
-0.2854638907020901,0.3739858963050888,1.0,2.4144517391833116
-1.0,1.0,0.271564940763122,4.511661957033124
-0.11247834081480423,0.050990165606165316,0.9870801123756607,0.9068161802710327
0.5535542342451392,-0.4374518427593419,1.0,-2.8101531806952993
-0.4164668382988257,-0.045954524171654354,-0.1172871838494105,0.48281078703826885
0.9716555473906372,0.8961542329477756,-0.41390580945128463,11.06847859069216
-1.0,-0.8761634085070731,0.13327782553746692,6.188628139813269
-0.2508970998932536,1.0,-0.4653895596125537,8.41369766658555
0.9478946864939652,0.380668010498328,1.0,16.660890432151625
-0.49412183051302394,0.40506164993930494,1.0,3.5082568980328297
-0.24842282285257156,0.844420688236937,-0.3550262971367064,2.5359032181877215
1.0,0.40660754838721447,-1.0,12.087484564487655
0.032447749361969924,-0.9547039720243338,1.0,-5.335130852285945
-1.0,0.26972108115922544,-0.45646337849432306,-1.7848273265303223
-0.546470718560085,-0.5918406708735773,-0.021959292503960892,1.4301042010699425
0.5036639951518957,1.0,-0.02704700071498478,7.964401190034756
0.598971509448458,0.8592430583857082,-0.7018682115124713,4.084243283268045
-0.9969437200745492,-0.8260247738222224,0.7590404922156859,10.941418304537228
-0.66130879130527,0.7391399524425497,0.5990952981927298,-0.536806529697899
0.6743765752811299,0.428899585836372,-0.8020432283088539,1.2230459309902815
0.5405548108311773,-0.12230358442449929,-0.7766012092230141,1.2874816833833571
0.08349172436044161,0.12935651576817508,-0.16937221350895815,0.5659225975436919
-0.8810640438581001,0.059777569011111975,-0.8391103032207945,2.6497812539397145
-1.0,-0.00945620060194119,1.0,3.184035024122849
0.6204215975656775,-0.4370755465062084,0.018858298142873098,0.5927921180016102
-0.542261044508004,0.11193185240511516,0.03891629578019917,-0.7144485528320346
-1.0,-0.006814287011731368,0.7637106083660257,-1.8596155400528391
-1.0,0.28623456527787905,0.039135868313323385,-4.668230127737948
-0.07186424829757176,1.0,-1.0,3.0230295346041474
-0.5683347327013588,-1.0,1.0,-1.3000304568043268
0.32351959105391814,0.29321548376082696,-0.16783109937269747,0.9783523158145518
0.7890339762650591,-0.7171488025466326,-0.7087645664406943,-0.18727373455600013
0.5311858236428348,-0.7413430507658691,-0.1084623047977944,2.0988135475659697
-0.23891961588352562,-1.0,-1.0,-15.062039969585955
0.8547448889632419,0.1979222382696677,-1.0,2.2004549941797573
1.0,0.23226297010705244,-1.0,9.613654998255708
-1.0,-0.4186095285387894,0.3914969470452929,-1.1069534546901854
0.18562906488001607,0.20569956237125764,-0.23197410807810703,0.7400961101958088
0.922124285045502,-1.0,-0.6209571610020892,-10.740692374722832
-0.30597501318104703,-0.588197596864803,-1.0,-5.684353655553829
-0.24389387926352746,-0.134642697368206,-0.8011414784964819,0.8743609296826227
0.33934710064651785,-0.9129526936523624,-0.9084489561621658,-9.155759563827987
-0.01273402579003391,-1.0,0.5588489340729181,0.27785321674399405
-0.5082647143320469,-0.09597535039155702,-0.9112947125809692,-0.005484410234020846
1.0,0.2939491543897521,0.5196055330127776,8.993229441925847
-0.020690980000891646,0.18078087869704018,0.046079713746646656,1.1392810347033424
-0.16982049209926942,-0.8553495827229944,-1.0,-10.39639216353507
0.7322405720793899,0.741474471634521,1.0,10.308008913777092
0.08311881804461252,-0.26304016166203414,-0.18050586309809424,1.531031497085602
0.46388917940371144,0.4929425571904844,-1.0,-2.5151657245094396
-1.0,-1.0,-1.0,3.1343159446343805
-0.5851215114836676,-0.2554820458148803,-0.47516344050019765,1.2442449622140637
0.600064023357759,0.7746321976699682,0.5060730904461146,3.0568582652651086
1.0,-0.05017826647390211,-0.09077404971680503,4.369639100631934
0.2391042656838811,1.0,0.26890744295492475,7.361552208669714
-0.08216282206322956,1.0,-0.5107257894399693,8.676117999551876
-0.07312857353942293,-0.8783780636707308,-0.983562933880761,-10.207583277919523
0.5301277126037216,0.03474800917138832,-0.7153084651775314,2.1432380321398625
0.15713936886294455,1.0,-0.07716388725177659,8.780733989107594
-0.9724430715635168,-1.0,-1.0,2.418929554864351
-1.0,-0.29426096661732637,-0.015957497347719007,-3.2180854449173673
-0.3343590066655142,-0.5174424993952043,0.022507359383081127,1.4681134375442109
-0.5012833828048753,-0.9184166192878396,1.0,-1.0242323785010725
-1.0,0.06749254235020397,0.34638883808626386,-4.185870887392347
-1.0,-0.25298916229449064,-0.6835992021188848,-0.7133860637414848
-0.7237495263265741,0.6287568395768994,-0.7476069917871406,-1.3562131335655505
0.2992436528255604,1.0,1.0,10.3589138610167
-1.0,-1.0,1.0,22.482075795421643
-0.21182757828076615,1.0,0.4724680192914077,7.648830087264047
0.2678943430269243,-0.29209706454898954,1.0,-1.7227222849030186
0.6654039758354098,1.0,1.0,11.351527870129734
0.3506329101141725,-0.8525351934323804,0.13137905103190617,1.1881903075431521
-0.1821417889649526,-1.0,0.7194952197889457,0.16392244287795077
0.15574578374505954,0.4290434130674341,1.0,2.6610887087151407
0.3621599513688134,1.0,1.0,9.902634259890869
-0.5426194896173502,0.8427382262423848,1.0,10.579041294735374
-0.4876337672688422,1.0,0.5567126894467131,6.569536688899482
-0.2654955031101671,0.7312877457932669,-0.6346631294364031,0.260123249263781
-0.8170819837447696,-0.7019655419420701,0.37557019734090313,2.5759091707411943
0.49815175621753416,0.47092674586316896,-1.0,-2.930574272185927
0.29215509876167234,0.08500383205998396,0.6563974238757404,0.17495155404487567
0.13085730272765406,-1.0,-0.10524203997331316,1.962136307361534
-0.23411804876358078,0.41551013900980194,0.5412658744749763,-0.27214461809885016
0.4947058583506858,0.7641044632683518,0.259787966360324,2.3010154737167645
0.6599379484117514,-1.0,-0.29972162962087556,-1.9056891736388986
0.1859275680885304,0.22802172338495197,0.5578624905962322,0.6572707910921991
-0.5854074335092085,-0.37658570974871286,0.2823442366942015,0.6326747328619637
0.6606368412599102,-0.14730870341428348,-1.0,-2.361915630823595
1.0,-1.0,0.23622678822728793,-7.3831356803705654
0.23230469697262035,-0.9352683084002489,-0.9027176410595692,-8.91148121240625
0.2747031179847479,-0.8329781146606521,-1.0,-11.052919815663977
0.07234854734026541,-0.29532119741433505,1.0,-1.6113251752929894
0.1952792629943627,0.9965657576298863,0.8773867895738292,9.163163630672894
-0.4725294439694059,-0.3815189703839956,0.6593777105012046,0.9017013269962192
1.0,-0.3519066091172789,1.0,6.815346409731291
-0.5974971987280289,-1.0,-0.4183168750088737,2.591581044365983
1.0,0.6865698872806996,0.009927409802984233,8.27559524317483
0.664956588569052,0.49767090213646825,-0.45580271753975676,1.5460260160991095
0.5548052823766947,1.0,0.390921023370693,6.56326206501843
0.18713225468056782,0.19718152687555324,0.7044123251264038,0.3510333312972489
0.15142610670684542,-0.08195001623103759,0.12565118454575086,0.7108922851789025
0.8319070981894645,0.7020620099343082,0.6793083994859952,7.290294254843025
-1.0,-0.8372450610413165,-0.10551129487332456,4.03861034283087
0.5255499665218737,0.12142125650856683,0.5334610012388921,1.1431543221172862
-0.1381061530974439,0.4056650646058597,0.6279615467034039,0.4244713420827392
1.0,1.0,0.1945363416973147,12.872142375807856
-0.7594924807654237,-1.0,-1.0,-5.072908297101633
-0.4589718700530532,0.6201631240098677,-0.4679902366830697,-0.8113745963810657
0.3048114958733721,0.8599136248856185,-1.0,-1.9045831393567227
-0.7289170915249945,-0.043163845067008655,-0.2993749141834565,-1.4670922745646802
-0.38758394829960663,0.5811162199116287,-1.0,-4.2394036009386875
-0.4456096790150852,-1.0,-0.30145944151322634,2.372530005505574
1.0,1.0,0.45778494239013523,13.617403542521242
0.3035086700483369,0.6225160393798834,-0.7751159813444704,0.6918774493664618
-0.5003762943175372,-0.152055291004892,-0.25827213662861337,0.6433235372896432
0.3123673361518573,-0.07544762351902112,-1.0,-3.250177256053838
0.9893388076691101,-1.0,-0.37732479445633094,-9.206643446931201
-0.39771254421808067,-0.727828746353008,0.7793668433512335,0.860924423965151
-1.0,0.04190827611332182,-0.48239413718528845,-2.289303212420124
-0.6464129230384539,0.22130053151011042,-0.4392041362001031,-0.46008245669236947
-0.6191910855831502,0.9363301503449375,-0.4249986053539727,2.5849480879623483
1.0,0.016673955880708524,0.5027929423755202,7.332787757016873
0.6826931180436124,-0.03564511347609911,-0.43598328534411634,1.4286533652722975
-0.17707321369605777,-0.9225886443093225,0.42307349491817803,1.3899988392422042
1.0,0.41619431092621784,0.8412092721869189,15.042864423409815
-0.9678397261644036,1.0,0.730691469114582,1.755916783305742
-1.0,0.5190511007192393,-0.11981425399103363,-2.057346550678031
1.0,0.07771274353252289,1.0,13.620479155880178
0.6273375072813598,0.131661514368979,-0.44840398164581785,1.0430656052257394
-1.0,0.595832422320649,0.9421198424511485,3.3756091548186062
-0.4271369887429055,-0.04852563954234901,-0.21712364749766655,-0.00854391736619781
1.0,-1.0,-0.0011575941535308942,-8.47793068494162
-1.0,0.47144328410462055,-0.1985722099297489,-2.4153797652695728
0.3238635429524319,-0.1789208135863869,0.4131917505644025,1.1956984184786001
-0.27819249597985896,0.8059982333615312,0.060048925881015514,0.5969808576101805
-0.7801937226053661,0.2930620836473363,0.7165302976197685,-1.2523535186838433
-1.0,-0.19797934618992064,-0.7392559762357578,0.39066929691124785
0.21361265266093388,-0.7824425686063481,0.6756129560087576,0.08246366354307105
-0.46295455639107397,-1.0,-0.022041565293046794,3.9387495755752666
-0.36582905974140467,-0.9475016233097142,0.9122726599655819,-1.7769908306550037
-1.0,0.42387476532519686,-0.7078507174457853,3.6463422952377815
-0.18961357559662084,-0.28889233264422765,0.7625170604064408,0.12599764416929332
0.12614747716435293,0.22300051684599165,-0.7143264371756923,0.97966700175621
-1.0,-0.37997625507303057,0.8140811540704329,2.7359674514934818
1.0,0.12271116245860836,0.7191296090433996,9.199584075909724
1.0,-0.008194454356974301,-0.1476065787544809,4.598300316545185
0.9699130531660252,0.9366164510076933,-0.8848229257611497,22.561642172075558
0.1041425143679302,0.43610143252487155,1.0,2.383627517671164
0.6932570723850273,1.0,-0.831281678217908,13.984188837955962
0.32652773353881126,0.18978499903458768,0.42956193348640825,1.6487741194581762
0.524685964994416,0.25267540543081113,1.0,2.017204622797188
0.13133369412648133,-1.0,0.3986163036998933,0.36021774638141635
-0.7514990563371309,1.0,-0.7085246649019679,3.1903812771969253
0.473857216209294,-0.9482806313297139,-0.6257326398226553,-2.248378625639381
1.0,1.0,0.7778715954065774,18.250129915191053
0.1577807951818644,1.0,-0.2598483585040736,9.94126189940621
-0.4357198264521871,1.0,-0.9922718472170406,0.5472981060613014
-0.6229177202608034,-0.6731914638145529,-1.0,-3.276729733753851
1.0,0.130338001685943,0.7201695539261834,9.521926718968444
-0.04580632015816399,1.0,-0.7253421626223986,8.398215639563075
0.7960022740391948,-0.5912813064601976,-0.04316531984413152,1.5976886370361125
0.5210116774004268,-1.0,-1.0,-22.870888516755823
0.009694054495120952,-0.7779631293345042,-0.22064392841710223,1.9361638226617148
-0.031710073957424534,-1.0,-1.0,-17.248611478987492
0.5480660966870456,0.7107835102138298,1.0,6.923317372919427
-0.8252818973451288,-0.3163149419730913,0.9008238535500148,2.1114096361722288
1.0,0.1905322532586602,-0.01123620221068311,5.156002001467677
1.0,1.0,0.44469371397700375,12.92241247987206
0.704976765341158,0.2973404967398503,-0.9968150914474139,-0.9080460718602211
0.757153783459986,1.0,0.8934444797691932,13.216414116117903
0.6682002735854458,-0.7227638604957975,-0.3130594174994421,0.19713895118027258
-0.0843863517888912,1.0,-0.5210006003444538,8.603707734374979
0.37290737524981066,0.11930948350594184,-0.1953692971830132,1.1703164574377132
-1.0,-0.9143297837512421,-0.017192184687008227,5.409165962315896
-0.5249475605373377,-0.5985400206177744,0.32919956326756905,0.5734656591597811
-0.11972571282096434,-1.0,0.11533688551499122,2.4795127149678238
1.0,0.1417535919716595,0.10341300010304,5.086650195129745
-0.01247193256770518,-0.32795357720525686,0.1296288053001977,1.410801724630229
-0.47444198343469424,-0.5948368870524263,1.0,0.5418796628776529
1.0,0.15900752113226924,-0.16259449682991445,4.950256486038173
0.6333954747011876,1.0,0.6559583390568513,6.956441447467097
0.37677892497816057,-0.35887335079453675,-0.6885573182914304,0.6722449601682488
-0.6362752533182976,0.8630953694933061,0.7384638204959548,2.496732868682681
-1.0,-1.0,-0.0024100321390330137,7.720064725637121
1.0,-0.3482764836477532,-1.0,4.45779447833988
0.9855094108516276,-0.639272212023809,-0.7449969913681398,4.0843116575606455
-0.5338092033684017,-0.9627055307733003,-1.0,-10.063421739491462
-0.08838199020233795,-0.14155398690698684,1.0,-0.29765270361955465
0.5688944315886149,-0.08145156168211631,-0.9475469779029491,-0.6993060324526763
0.2514202539167525,-0.03505723383047843,0.29261204733789437,1.070624032236435
0.5386945529378979,-1.0,-0.5204999484227495,-3.866881770611589
-0.4841323321111608,-0.9934802729602914,-0.5695641750315297,0.14953190677049977
1.0,1.0,-0.4034504449066958,19.134444378877046
0.13306579288121534,1.0,0.8342180504465675,9.682691830641627
0.31613556727132,-0.7093590098968792,0.7406761526472114,-0.8690933884207122
1.0,1.0,0.7185182990249055,17.04765626531238
-0.43294263875591565,-0.6816626527890726,-0.24720617052093607,0.7945289739673045
-0.3463092525868512,-0.10822752508716027,-1.0,-2.3308219780922
-0.9337643866127976,0.7763311189633686,0.17269265350244378,-2.4578057708155088
1.0,-0.15193522155313044,-0.8284076707944741,7.941597131064341
-0.06958833751893767,-1.0,0.09436602178434494,2.456590164868804
0.9915530646729254,0.9910579299527458,0.794011230026396,17.708761876098368
1.0,-0.42639364093321364,0.6125581965443263,4.714406981035344
-0.9412384513936445,0.9998544588793294,-0.02208752436475181,6.278401258690328
-0.5379130494875772,-1.0,0.580718088749687,2.583228880254052
-1.0,0.027144133989817965,1.0,3.5315860483091375
0.6083332456286541,-1.0,-0.3601075504157296,-1.7050475735818313
-0.25469607629589364,-1.0,1.0,-5.325773744874825
0.14899304903456145,-0.7222630590587471,0.6163904027627611,-0.31917341250838804
1.0,-0.48774192795479454,-0.14465493543580998,3.3389359451496827
-0.40070341184202585,-1.0,-0.7201469965009233,-3.236642085113295
-1.0,-0.21506309702635784,0.2432064394474054,-3.306491308741505
1.0,-0.5184595718431155,0.7496392068303308,5.869971591750423
-0.635967746184767,-0.5168093602314849,-0.02334249422309531,0.725086803940756
-1.0,-0.19223268317349929,0.6890752939748233,-1.6685949911360192
-0.9946321804838156,0.4973392319854233,-0.6407411880107028,2.611843686132895
0.048355127100893514,-0.29099676806102015,0.375972583064186,0.5197266645805757
-0.6832621220040249,0.7434693038177211,0.7777147749481255,1.2293198053351282
-1.0,0.549403069307111,-0.04190397726915163,-2.199395926955779
-0.7568382082255223,-0.5277981581869362,1.0,4.816618861574529
0.5512026047531602,0.051479865860817764,0.7101333000445491,1.7380672679033629
-1.0,-1.0,-0.030238906587626513,7.413837571515267
-0.7547536632883334,1.0,-0.16043377323499675,4.79767932018349
0.57896969360333,1.0,0.46961709406080465,6.507089300781205
-0.19389186487412613,1.0,-0.9707598337278127,3.8564462558439967
0.5525154154313465,0.5097464702815195,-1.0,-1.5721386732839422
0.6611371148956835,0.7102639978796574,-1.0,-1.0507510309959247
0.35434607111223126,-0.4759891157330076,0.15998867208650114,0.9437081878818698
0.24844018246028554,0.37112876748360346,0.12791923646944436,0.39245649180927533
-0.1784933711933656,1.0,-0.6733156925652914,8.45001488184616
0.4077214396534099,-0.1996717419119196,0.6658164815809646,0.61242258478535
-0.5857576246424583,0.8510764192779503,0.2150331448193732,0.45818048938944833
0.17792034837023007,-0.03855334140385591,0.1856368141551923,1.025071217864128
-1.0,-0.7008332302755074,0.5868164132827141,5.285601039208022
-0.7640394577736651,-0.5903934946372682,-0.25649662910438664,1.4689158088020144
0.16749143654182874,0.13359657055591212,-0.06537429542946827,1.1370383222946874
0.37131068115951615,0.3120476266988632,-0.5335056997414782,1.117018111103434
0.5510842934005971,-0.12521382645836576,0.31330265246338906,2.3376882978833162
-1.0,-0.13610043659893645,0.5035512396997295,-3.0006989606461296
-0.39748059539641223,0.77232194946353,-0.4890610965487183,-0.36441939193103334
-0.30189615637213807,-0.2837002035481371,1.0,1.19562573033696
-1.0,0.18732412197758164,-0.20248857670347098,-2.7292146373056445
-0.930315304198466,0.3985537110082018,0.3340300748915397,-4.013544731220913
0.0519325064552596,0.49340515046941125,-0.4743894303588312,0.5202480730204941
-1.0,1.0,1.0,17.14376651650271
-0.18636818209497164,-1.0,-0.18183054776167196,2.3077475006280297
0.08302562598910734,-0.37756079901677553,0.6822100982372832,0.01934027285560147
-0.7367824210488938,0.06404522565615678,0.7885947198790084,-0.7287638266584737
0.8439977752989793,1.0,0.02591164555223857,9.634023816743042
1.0,1.0,-0.3310100036551731,17.84937899598671
-1.0,0.8166892817798335,-0.24342542083952567,3.9269564229359855
-0.5840933607421976,0.07841992213753124,-0.8880289714144782,0.9103237336125785
1.0,0.03867725756335871,0.4697345715127581,7.170095759397785
0.1289329388573166,-0.16657349325754423,-0.2974485171349812,0.6780493584652518
-0.8780904394085454,0.8730256261433376,-0.16255446022858333,1.049320340125035
-0.8592981301280493,0.2698343594032755,0.7999458926078069,-1.123991977253168
-1.0,0.9537816427260739,-0.04001333180677524,6.561072256715719
-0.3214801922006161,-0.7220635077015365,0.5934951092390359,1.2755303648374465
0.8488799369831157,1.0,0.06823035609987649,9.733979574116574
0.39404122242103146,-0.39597618374834065,-1.0,-4.9296252956571704
-0.11604317931765817,1.0,0.25587340348696763,6.536035570921396
0.12164225903588832,-0.3860258066259501,-0.08324971380771928,0.7880196314510186
0.4778012071890305,-0.6373356718698093,0.3218455001069809,-0.012237032196775077
-1.0,-0.5708313684208595,-0.059605140804364076,-1.09026123847263
-0.3929339044493374,0.9174010958623997,-1.0,-2.1126502151717688
-0.3306935481080222,0.669898140568649,-0.7366198939106803,-0.8240877022541409
0.31823939330434503,-1.0,0.5388389466485135,0.2905409430133408
-0.8120395610630837,0.017195603518536995,-1.0,4.327272306924568
0.020481886139169125,0.7422498548119125,-0.10203323339151682,1.145535111450142
-0.05727802138229299,-0.003656621221865608,0.8131267035977545,-0.32974193186259737
0.28349301762502255,0.5069728856100428,-0.2615448927031745,1.259343973124058
-1.0,1.0,0.1689774424903312,5.800213538223255
-0.6947394075693172,0.1036997752651565,1.0,2.1343659311230017
-1.0,-0.07380618401009453,0.3716265616354473,-3.8859290371297104
0.7443498631898855,0.13042386985385446,1.0,2.744302154709897
0.23073575890728337,-0.26349270494959476,-0.6418218350423934,1.2447300639442087
0.327810751656163,-0.6021438776785291,-1.0,-8.245317917023256
0.11858133599885301,-0.0665175601490895,0.6888230187984141,0.5570340109412552
1.0,1.0,-0.03488308296391063,14.487147380836392
0.7701414965009856,0.13376854556551465,-0.07779738224668598,2.1471008655809527
0.19951337978747308,1.0,-0.021249731582398734,8.874459124688249
0.7014832449685333,0.7498280146078786,0.49623339058930016,3.933359030605512
0.05175547356278032,-0.04971006201688932,-0.8665318609764889,-0.9473324228503465
0.8197897771517406,0.21503787753846382,0.7752387316705995,5.358386964478619
1.0,-0.37834481886290283,-0.29881532158294166,3.298077342154887
0.8164608001799496,-1.0,1.0,-7.041595704177815
0.7923980716977019,0.3286308054061915,1.0,7.639518963591624
1.0,0.47546634344948835,0.9468090534466804,19.560980707961917
1.0,0.27207095680453586,0.03199387149454935,5.597170823401423
-1.0,0.26696386838223307,-0.9619264431511991,12.710988989603669
-0.22476023644955379,0.21149182244549114,-0.3714020605281958,0.10844585740549856
1.0,-0.35542828892326894,-0.6270231908528774,5.810250703392272
-0.6682583675082443,-1.0,0.2762899906557952,5.579353919070432
0.2260217652143186,0.09606425671786245,-0.3868672373763977,0.7380579896090336
0.7603163979070295,-0.21046936277327877,0.3644335638216083,1.4837281120690227
0.056735307321350126,0.487987249971249,-0.10498668715281223,0.15358004879468928
0.4697538252301534,-0.6572802075207052,0.4329188445311276,-0.48958056303081354
-0.20861730543310153,-0.32250243102132203,1.0,0.2004977951245162
-1.0,-0.948284420885573,-0.6243521147099445,4.1993922561168215
1.0,0.23749869189586703,-1.0,9.973958956044054
0.300101329476272,1.0,-0.5836269367821174,11.030779764278302
0.3713767108230319,0.3602838333618923,0.4351986806293997,1.0618041716468647
-0.3606425205624251,-0.06078067099186457,-0.674127616748633,-0.010320713686647554
1.0,-0.6054479907271286,1.0,4.240430228519477
0.44155957523872447,0.4906815905463624,-1.0,-2.8730766420411045
0.3043747093648448,0.08109375762871207,-0.04839108444287121,1.4053414376094608
1.0,-0.9601775651629461,0.7953793542071321,-5.016304267153892
0.13021966710026733,-0.4767201137524759,0.350094630435523,1.0115331020095546
-1.0,0.4895814846460944,-0.41394053641987494,-1.0356520162776288
-0.8855343504410647,-0.5692345577980233,0.8570661650192588,3.680835538848511
-0.058572260766637685,-0.9980447032938178,1.0,-6.266193495672669
1.0,1.0,-0.906479026683725,34.198185273986134
-0.3097805181023938,-0.4211716599652682,-1.0,-4.243369656599615
0.3247576268693577,-0.49875574324106653,-1.0,-6.56518784676776
-1.0,0.24071037532339146,-0.9633137730715533,12.529915480829834
0.6081478365416335,1.0,-0.6140162025435418,12.221828877823809
-0.7263361644255382,1.0,-1.0,1.3019961964520612
0.15371080841559603,1.0,0.6383621931386414,8.156919788127336
-0.3676768452145429,0.9931086427716391,-0.4255778009221858,6.821921634960949
0.6252372457058915,1.0,-0.23397499064633576,9.384497961179127
-0.6098404783423013,1.0,-0.0843881941693505,4.851943186023588
0.49319918463738466,0.8188157214437282,-0.3801839952585133,3.442776693999814
0.002706119774768867,0.6266433180838396,-0.03180912831058724,0.4279995170820893
-0.36995778923586675,-0.14454452976982313,-1.0,-1.873664912965839
-0.5403878486546716,-0.14504717000217027,1.0,1.2843062517577242
1.0,0.024512169625038993,1.0,12.374765721780149
0.7051491500676188,-0.551132078681464,-0.5252374793218602,0.8076759148002388
-1.0,-1.0,-0.21722433484134873,6.267651282318226
-0.12128603897221879,-0.9267634202165556,-0.20535402284311233,2.684710143576151
1.0,-0.5330370055291842,0.16146577342405766,3.3847498250074715
0.7226706220175223,-0.3287397521008959,0.4542876512697753,1.3675810735581657
-0.12693376027291015,0.5203502651257124,-1.0,-3.522461988234013
-0.4936690501794967,0.1751964114085678,-0.5349466771305249,-0.7250513508065414
1.0,-0.5565108497894746,-0.46160712214621435,3.9710587022534645
0.41117767232980373,-0.8260121599885797,0.23973957584949268,0.7574125760680408
-0.4040463371040781,-0.3085924773295985,-1.0,-1.9909839972500945
-0.663444003527546,1.0,-0.0007030415805739931,4.138457781340455
1.0,-0.9353778794421601,-1.0,-19.296253594680444
-0.7332061597949484,0.43622045195695835,0.7744777443572031,-1.7022622175081266
-1.0,-0.12298358564487244,0.3660100779123481,-2.9751248306954166
0.5710882545259979,-1.0,0.8573885127174585,-3.502697154225812
-0.918007524518679,0.5965905572921317,0.5716475079505274,-3.2197880770212253
-0.9326166178246103,0.4279771289221441,0.8870635241160434,-0.24114688476653995
-0.8990977037259817,0.9998221305912476,1.0,15.799577679664168
0.9493074914803166,-1.0,0.7313271194411404,-5.304420702812448
1.0,-0.6668709097995695,-0.7463972495910018,2.954951751740178
-0.08289594967916902,0.020495303382761065,0.4278529167400069,0.09125775677157541
-0.43603016237472003,0.938818126214261,-0.48067324116020527,2.844717785117318
0.9639888810988788,1.0,-0.5126763954617706,18.38726369554521
-0.5639834460223241,1.0,-0.3835491416113195,5.640177755592422
-1.0,-0.7523104199104378,0.831007660352796,10.328959258614754
0.2824615857132289,0.5830863293237853,-0.029803081360850747,0.8509258544184922
0.10524131490043964,-0.4821437662845236,-0.496648397451362,1.3448666682619446
0.1848393343489947,-0.9134889414577099,-0.49983771469856997,1.176195042806233
1.0,0.3141949231716823,0.7664600728219806,11.68706755814807
-0.35091434466624505,0.3066263449854325,0.9870946359648349,2.3572217602227616
-0.19677224689961115,0.1689635816914017,1.0,1.4262052535985252
-0.9777601813409904,-0.5283599795897314,0.16301036518925138,-1.2014776508884646
0.5660520688650985,1.0,0.3188143794057048,7.808000375458129
0.031174404372594555,-0.9960903233093246,-1.0,-17.280889129484805
-0.18972781573851472,-0.6120102741016284,0.30915589036991986,0.9759462604160498
1.0,-6.063692462809911e-06,-0.09253028046784006,4.539218948170543
0.37612271434674427,-1.0,0.06111634112327713,0.960074784707623
0.9838393651098185,1.0,-0.15104633494088548,14.945838516420554
-0.26358821184594605,-0.4838912821423924,1.0,0.3335772234433564
1.0,0.17874297827443764,1.0,15.878119226914878
-0.5537604414195574,-0.6301229053528983,0.8178960745911885,1.4600852460072717
0.4340935702863278,-0.1816027838733918,0.16432820913066082,0.92572452964619
0.5532187084373874,-0.17228721654001067,-0.799328548668528,0.3140841142890975
0.32386749725037167,-0.24384646898759899,0.545697974058797,1.484174290762725
-0.10515989413522853,1.0,0.34049861857535224,8.128757355767982
-1.0,-0.6688374077020762,0.686769837577899,4.986871759254799
1.0,-0.1952079825335924,0.9970963885381736,9.447159331868226
0.7602948543304513,-1.0,1.0,-7.730543237585014
-0.0013284250330549696,-0.5343854171701785,-1.0,-5.953419658207966
0.056743530823320176,0.35070289818699907,-1.0,-3.614777819495598
0.7438350145048551,-0.11619247230951513,0.21828960963928679,2.2502742413061827
0.7660970051623568,1.0,-0.5420079023111402,13.157540970813743
0.4939675532625871,1.0,0.27509941042531105,7.68181853051088
-0.20391039322462468,0.08397799898626679,-0.7524915116750286,-0.8425984153773217
0.7860639245708916,-0.8294771592185679,0.14664526353313856,-0.12730015855485174
0.550757420344939,-0.2824256111373884,-0.4033431023544438,1.17206335555302
0.2279254342803536,-0.029107188154886332,1.0,-1.3339567370898895
0.036228823269848665,0.5075988785268912,-1.0,-4.035899785409666
1.0,-0.09104805319422571,0.010343005485277112,4.94750540005398
-0.22426192752653273,0.01939363491274193,0.5487086887062411,-0.1019656743261477
-1.0,-1.0,-0.1774157627023687,6.8887951550121835
-0.16029664892308815,0.30830027903519275,0.30454961786389867,0.45766702521344316
0.7011551433692924,1.0,0.21208730678674126,6.916089776769121
-0.2683677318173441,-0.2038060542374851,-0.025593360817808053,1.5631835993449796
0.7680009581699041,-0.27827900528146365,-0.7166631348578909,2.18340871474291
0.3009713659370714,0.3205620412496446,-0.5460988204730044,1.245671492557942
0.2598302702211783,0.7374502068730395,-0.6658166952594138,2.4204380381612727
-0.16091782839256008,-0.5535825402101078,1.0,-0.7928336845505504
-0.4238436178096874,-1.0,-0.1356626366451792,3.6335529345687343
-0.21193926007455643,1.0,1.0,14.778937568440945
0.1987281875273803,0.660594820378827,-0.2414272306509473,1.1923171495785365
-0.35109021241380556,0.322903347868954,0.3455297969498976,-0.5957666749072642
-0.1322686879046615,-0.10305491113459042,-0.553235431880656,1.2925408084367187
-1.0,1.0,-0.17889818112421985,9.72153420713778
-0.48377656363922217,0.1167160604981401,-0.3877645151390334,-1.5953416246419294
0.013361611830516429,0.257314280567863,0.5095530915201762,0.1573140656095062
0.3526850894066189,-0.22453768101552418,0.21528397559561374,0.9966624633608068
-0.4406782632723869,-0.10734881276178143,0.3492873870825419,0.3500532683930172
0.2928738934322743,1.0,0.844609180436056,9.720458598913204
0.6260276794391282,1.0,0.7710975550885986,9.17797175417264
0.8829104427309238,0.43675373536889883,-0.7012420266615882,3.927519422304366
-0.5077120971790632,0.44031719204046094,0.9095631522910523,1.2081055741843079
-1.0,0.6801132923226121,0.46975518657918247,-3.9496694358447226
-1.0,1.0,-1.0,22.708023434873063
0.18453324576897523,-1.0,1.0,-6.5201569244611415
-0.6325702813688001,0.04876275780866002,-0.3494627637911327,-0.5384284688512168
0.0902429381484644,-1.0,0.31568297486720365,1.2871764329534294
0.06331893726685589,0.23045765799168527,-0.6244618272244422,0.4112492454724327
-0.4311132531648374,-0.22839879891489123,-0.2143492981876356,-0.5842445172696678
-1.0,0.23865666303358424,0.6131685572507168,-4.986863909292523
0.32670107503643564,-1.0,-0.47686924850595047,-1.6648736566126674
0.26271872013077746,-1.0,-1.0,-19.481185145539968
0.38968188693890227,-1.0,-0.13019966918600123,0.4459156127548812
0.13796177020128964,-0.23327740514225326,-1.0,-4.338393176994903
-1.0,0.23813831881928027,-0.020046627543275353,-5.003115865785955
0.23900928131601695,0.8048495268655358,0.8179841448895768,4.482997207405655
0.829203976205729,1.0,-0.8516052332352835,18.087706768572794
0.2794879224434703,1.0,-0.10991838503075746,8.389039020731815
-0.7908299671572769,0.09292489382300362,0.9701995303308486,1.6190524712439878
0.19121059417456343,0.08017664229977117,0.1662287986375437,0.7910134686025686
-1.0,1.0,-0.020814461239558657,7.248608024599961
0.023620507260726287,0.8365621161503565,1.0,8.067818672644682
1.0,-0.3710370580040947,-1.0,3.8557770566934115
-0.7823617051125742,0.6458963805137754,0.47106445918727835,-1.5744086882975283
0.05384678954308808,-0.017072006092699432,0.5173859033511758,0.5645846865671487
1.0,-0.9487528703327401,-0.5058410427486884,-5.6348946512107565
0.9105482116600037,-1.0,0.9445905231955107,-6.5331428072744115
1.0,0.35641992534870304,0.28961616132074486,7.640471473232664
0.2497777072067522,0.05145424621874639,-1.0,-3.0222786821447936
-0.9817811436141579,0.15867017925593574,-0.9750467293943079,11.546175654815523
-0.6572499759785104,-0.941604944377679,0.4711375402988853,4.366960474329027
1.0,-1.0,-0.6619667855278637,-13.272313188586777
-0.2074398059138418,0.8550902958594007,0.11695363187560281,2.2721801343079373
1.0,-1.0,-0.6169680707234342,-12.51953145462022
0.7723754561143332,-0.48085505901736814,-0.47145171374572326,1.156243705860372
-0.16571571619791525,1.0,0.24996363417390377,7.37182559303702
-0.5744114934443143,-0.3210941323519576,-0.1951300168441703,-0.2956593132507406
-0.6385600818528425,0.7585685724593816,-1.0,-1.9640689041377102
-0.7157651357333632,-1.0,-0.38502565244101117,3.6965681717981553
-0.6754512855647672,-1.0,-0.10360976231821906,4.147793577067049
0.16232210987599727,-0.3813092142324177,-0.19782161262524456,1.6734453145654444
-0.7826964728445842,0.3971621653205297,1.0,3.5953773607202724
0.8576874733679443,-1.0,-0.592488370142275,-9.046786555757379
1.0,0.7162177113015926,-0.9123875969901847,14.13059406871729
-0.0067504736684718125,1.0,-0.12034518116346637,8.561296185817119
1.0,1.0,-1.0,38.69729544916015
0.403875205255525,-1.0,-0.3511990223973669,0.4447441881662678
-0.07809054834302853,0.6415352630982369,-0.14465329155568418,0.6379596182819509
0.7377287435684006,-1.0,0.023928217120656736,-2.3799397242980187
0.5707529633051969,0.564137750646942,-0.651177605641422,0.7012508350090008
1.0,0.9942468391766661,0.8709814043173778,21.185705246066547
0.6654776873700454,-1.0,0.16414510239561708,-1.5810491660568045
-1.0,0.6353692973713243,-0.0671858057448751,-2.0568557138688424
-1.0,0.7565926582859979,0.6354076332162228,-2.660325602543002
-1.0,0.11857998942231496,0.8298269597823813,-1.3318932570116648
0.8161894371915777,-0.02071064861457783,0.7198523771805654,3.702476277485076
-0.6414712749629738,1.0,-0.31770916626412915,4.891401572423888
0.09380393898991524,1.0,1.0,11.65851226192254
0.6783220189011405,0.23983379586420583,1.0,3.9855505958956363
0.47911155488522605,-1.0,-0.0650936223776073,0.2511355480804756
-0.2548811971744467,0.7457254770427044,1.0,7.263682220952368
-0.24736424052038886,0.03946046343226661,0.24660361901563776,-0.10430455129236779
-0.8444884269137818,0.5103193663041381,-0.9752834427482668,5.274718296810845
-0.5219783932406625,1.0,-0.5209667568357539,5.134595177960448
-0.9668615181145734,-0.07922042169263399,-1.0,8.814316294099088
0.11818718783860116,0.09725859602971099,0.9413804585863061,0.33082678842011654
1.0,0.6309525769097142,0.5603028300609485,11.25123351361067
0.818036066548097,0.20084879390139743,0.5926003990041289,4.721134855956347
-0.8099386878098453,0.46260315712214917,-0.9398208145889908,3.0830366462337526
1.0,0.4415239357413767,0.8279359823073396,14.998755511342157
-0.6663879129529457,-0.42875926091312455,0.09228894877724025,0.3881563261410014
-0.6788130720912793,0.3110782280216011,-0.9445686734251841,0.5066549785301898
0.03432654380403766,-0.26341229631351704,-0.5702906904077074,1.0248103978240422
0.8395055233092028,0.5020689129633109,0.125380132867299,2.8617782556706706
0.23398645868810863,0.3657642973621633,0.11099492106082232,1.0550543418990839
0.7168308982385114,1.0,-0.916372980848041,13.459618990118372
0.5551273878814811,-1.0,1.0,-6.521336317307121
0.8763964345690518,0.6183095822195674,0.4672679016543224,5.583344505355186
-0.5097599943432307,-0.027510335672754183,-0.45993507748570983,-0.09490792019332614
-0.11155913976741338,-0.1627158935401063,0.4945295309090558,0.47973117998598447
-0.48073246064670894,-0.5350518124031112,1.0,1.294046331934225
0.42148175260988285,0.7968500201809889,-0.21221957807265301,2.1460772801021797
-0.8496001369829089,-0.05441261551217491,-1.0,6.158112686752155
-0.39510644788403315,-0.6207153283461797,-1.0,-4.147319933473155
0.8189738287211785,0.487592046032129,-1.0,1.6635011348902875
-0.10684533139724017,0.6082580474997592,0.5911904126390113,1.6260676378749852
-0.36807766509022843,0.08422967337352394,0.5211212945246104,0.4884965759564618
-0.30840105172456433,-1.0,0.897691063754616,-3.7963830566510834
0.14314895547421758,-1.0,-0.8343220463080969,-9.277581858108658
0.23351654960181945,-0.3004551836348466,0.8595329216800804,-1.2082672684878881
-0.3270316605500958,0.4783497748975274,-0.0667965573618916,-0.9026262333474316
0.9127497969166476,-1.0,-0.6124539964279014,-10.47550499450677
0.37587477085114807,0.22022074444971085,-0.06971599267035167,1.6793149052721446
1.0,-0.678147646767985,0.9782179721700348,2.2094278293579754
0.24356901561940036,1.0,-0.025406895260220885,8.491271332688749
0.6795837648093328,-1.0,1.0,-6.022602260606286
0.8342425789802497,0.7848500605417099,-0.6541260991348341,4.5322846287940175
0.2528506595775313,-1.0,0.8575925167356468,-2.94923927952266
-0.7987531840943631,0.7826871369884378,-1.0,2.438138956141906
0.3898430039312857,-0.8374717476214384,-1.0,-12.107891737362285
0.05588357850168846,0.8861239742527673,1.0,9.191432808348749
-0.3568605028298517,0.5063221599627352,0.10749064127634056,-1.4777354967154612
-0.5604870566271587,-0.6879791929010675,0.1372646986785382,1.0049869250590668
1.0,0.7505818366509471,0.8895658856683779,20.30538628856048
0.5032430779755237,1.0,0.10975405726261167,7.071787440988764
-0.9843164400161375,1.0,-1.0,19.1993308487339
-0.5964533630265165,-0.8204422385662802,0.9084892391916433,1.2476120759460965
-0.15474199008013745,0.007702533531649847,-0.34423591612752436,0.5181062388758325
-1.0,1.0,-0.4692882808766392,13.142099863283239
1.0,-0.8065690664010288,-0.262594560293969,0.8582061670885842
-0.8572133339615082,-0.7490219187481839,0.36250506932749826,2.8364057773883973
0.18624205760828771,-1.0,0.4608977402208392,1.3406943307759693
0.7482741471643093,-0.25360341368792305,-1.0,-3.131670956969184
1.0,0.9092715292450981,-0.1475008580998709,10.68940078975819
0.8622192077274471,-0.21377707675770607,-0.9393604105432567,2.171700453459492
-0.1094195882926845,-0.2143264510300844,0.9647520066957203,-0.6636302957324753
-0.6278917054384145,0.08773048669319539,-0.056293333788222766,-1.3663082227417915
-1.0,1.0,-0.06869546573060537,8.652659842200315
-0.2446796709086545,-0.6449807266703622,0.8819624002223572,-0.4919713361878727
1.0,1.0,-0.16640200800323268,16.454395560929594
0.4992951283661171,-1.0,1.0,-7.082848703779897
0.2436035892886892,-1.0,0.037758782605885166,1.6437570014177942
0.48257352816346044,-0.0503548360140873,-0.005260297926957813,1.397812776628291
0.3384463014053014,1.0,1.0,9.685950617359728
0.4600036030781063,0.7293147497602246,0.14386276371136253,1.980892107855523
0.20849574933882753,-1.0,-1.0,-19.48962854908128
-1.0,-0.48249347490493655,0.07386997570171405,-1.5422117489830984
0.45671071450514544,-0.2405880913524978,0.6238715580381433,0.7657258156744083
1.0,0.9892057087937143,-0.7703290193820254,27.339080101317258
0.06765664819563777,-0.49220745825072076,0.3404875124099187,1.1428316774678766
1.0,0.028269502636982802,-0.44613186510839054,4.7337096162916446
-1.0,0.35498482587948454,-1.0,15.856553682013589
-1.0,0.8930669151568056,0.26670402498116674,-0.0813244622984497
-1.0,-0.555402820484626,0.285234454684133,-0.00512669985858813
-0.11061519480428195,-1.0,0.19180817864158062,2.150502933618753
0.11796618637113365,-0.34685719702642537,1.0,-2.424606744115086
-0.32298634757318023,-1.0,-0.7418862196306897,-4.340937022574559
-0.8393196514044199,1.0,0.3474124086273489,3.132806922252297
0.09391756403517326,-0.9492449810951489,1.0,-5.700812364140928
0.9821832083633018,-0.08141009966972623,-0.9019665478142729,6.898607816642097
-1.0,-0.11183022819828103,-0.3455716125587338,-2.5270093655721726
1.0,0.8597740454035965,0.01391358814613941,10.20224646333839
-1.0,1.0,1.0,17.233123949954077
0.9021130065932108,1.0,-0.6754708579544848,19.238603831814395
0.7805373489772105,-1.0,0.049276405691268454,-2.784648808106201
0.0641743269630668,0.3454149542376108,0.9364008647838511,1.431443523285502
0.7650377671766722,1.0,1.0,13.441501120000154
0.3298478156583342,0.8372365702109843,0.055698848016125346,3.2993416868904033
0.12668715101783046,1.0,-0.4609143139619776,10.070842688818532
0.5992168821644739,-1.0,0.4443865141203016,-0.5643822316904034
0.5795854462512553,-1.0,-0.5249811204147794,-4.112483075833547
-0.2008586968827213,-0.3712782441078797,0.03789922974719895,0.9881839129126073
1.0,-0.6175208161890249,-0.8639915560412073,4.155619548818587
-1.0,0.6299766500018054,-0.9185061469533284,13.21891637332067
-0.9392476124095666,-0.6171780956104138,0.5894841401443736,2.7060130449275817
0.11735484792947859,0.31733748696079256,-0.9061227234556197,-1.2897448663154756
-1.0,-0.5902941188733071,-0.3182417791004497,0.353008520107582
-1.0,-0.5196926483931625,1.0,8.390999025655164
1.0,-0.17805037621095132,-0.3786424136226785,4.13950662834489
0.2673808188042517,0.03771220691517008,-1.0,-2.7100140648277264
0.8000739993274362,-0.5156956639434334,-0.549227945545284,1.6199830567269238
-0.22120762875562527,0.10153908356805252,-0.9454971492966473,-0.9038130096968703
1.0,-0.26443180622834395,-0.2738618426151387,4.798551657593372
0.5317928736384161,0.5135937730042321,0.11338857191582963,1.5656136888930394
-0.044540326676528075,0.47495858163847426,0.7189580675196632,0.6965359413249367
0.06841409270425025,-0.5344003714297545,0.10368949722099785,0.7665908021580718
-1.0,-0.3235463008163775,0.2785371040356974,-2.0089402995340198
0.522398342352359,-0.7978548400441865,-0.26191155337624217,0.49920521951031815
0.16227593271011354,0.20529887657385437,-0.7388529500710537,0.7643029708237803
-0.14209586185591716,-0.2610886466608213,-1.0,-4.087489726534736
-0.8103991961264414,-1.0,-0.36603806817057905,4.9876865431538135
1.0,1.0,-1.0,38.14476024591486
0.6357323863757427,-0.5061886853862252,-0.4492327163726637,0.9142305570543601
0.32327971471246575,-1.0,0.3331388761329801,1.0530156399306472
0.6460091133706933,-0.13370198507589937,0.5126540600778873,0.729753543896192
-1.0,-0.30524573951898337,0.74167359049505,0.19813070364074706
-0.7725531815757507,-0.26961337757823034,0.2891065215705795,-0.7385575298929061
1.0,0.23890635488996192,0.9803593605356087,16.705863718643233
0.8571211080795216,-0.28186408166149346,-0.12537438573954085,2.3710253660041576
0.9732660779678144,-0.6433401531667933,0.26657748322592156,2.30593719169627
-0.15754150146595425,1.0,0.484716105465431,7.5346986084333345
-0.13903150144442367,0.4916209058553802,0.36152408625801336,0.11769665510767212
-0.7357537861070453,-0.22796348810162304,0.31658907227724886,-0.3605453293284302
-0.9271779526318837,1.0,1.0,17.00730202905234
0.08828936818429889,0.5668003744032899,0.8616106186820243,2.8217796331354155
-0.16250577723947912,-0.6943856543029219,1.0,-1.4083205943713113
-0.8373072601059695,0.5156221747632734,1.0,4.4355859138420515
1.0,-0.9069147346465765,0.9485667984499844,-3.5909707720867408
-0.7584242662401857,0.39197675963748235,1.0,2.918173360633573
-1.0,-0.4507976309495687,-0.07680117038016165,-1.8098644087572717
-1.0,-0.39767902189461024,-0.8485130269490022,2.9985302647166465
0.10647573591549775,0.04944248142435059,-0.10086958480458641,0.8277571419346269
-1.0,0.24206247623499966,0.2138771989042183,-5.037608500677737
-0.5506378971803056,-1.0,-0.7259852039477208,-1.5980980492869483
-1.0,0.7062796696381475,0.9334707669861881,4.5395596690600195
-1.0,0.27438564989053416,-0.663772047465665,1.1132027604408687
0.21313375471502405,0.3895738334311287,0.6197305809913805,0.9382055760689098
-0.37592292888052303,0.05369365243142643,1.0,0.15892513498482286
-0.2124565030436989,0.10632935245064279,0.09651594274675057,0.46651357648833913
-0.9303854724489318,-0.10761789570793057,0.001330872486559942,-2.8231632764546406
0.4495079843446408,0.8918223783337196,-0.6982848307971226,4.993947938117731
-0.8580608762776873,0.07171091653684925,0.7565332626568357,-1.0640730958118805
-0.8580825155575509,-0.02311235797158062,1.0,2.7852385979271572
-1.0,1.0,-1.0,20.812182867822294
0.14153139090701505,-1.0,1.0,-7.374611163155009
-0.7126201494140467,-1.0,-0.9143580427537248,-4.942436520166385
-0.38828751453810506,-0.7451958689606146,-0.3379401603151124,0.7503967486215437
0.6068475911685185,0.34967507139913456,-0.8621822638574004,0.5525486402228689
1.0,-0.11257835639628233,0.47731802057960304,6.8982528883768595
0.26334120268572936,-0.785634295333056,-0.33758515112912924,1.064408847994471
0.1500630625587811,0.7682844524396903,-0.579264942756869,1.4546422227579257
0.03358422990649368,-0.26187737194044103,-1.0,-4.47513051412212
-0.8311216436537345,-0.034286152238315326,-0.7120492217251775,0.9036212822833338
-1.0,0.5189166602981625,-1.0,17.41334012637626
-0.5549321056937939,0.5674187276058891,1.0,5.453922073008036
-1.0,-0.8497512531684344,-0.05788630544996587,4.833757452512424
-0.10552312233522043,-0.6662260779644908,0.5347192871286006,0.6912568551136706
-0.30830068845302905,-0.6781466663976417,-0.9978969596333565,-6.479761718025081
-0.8372210158742766,1.0,-0.8584589220234979,3.967407612332695
-0.025782001568047885,-0.9802376056545119,0.2707645124608915,2.330100141343092
0.51910264041404,-0.7652373944845403,0.6749282982114433,-1.6584751126830597
-0.15003809673385438,0.3295663690940467,-0.157751522938816,0.04358968013463165
-1.0,0.9725952078953757,0.7522863388351748,1.8076112018808874
0.6621484813944543,-1.0,-0.364663881335592,-2.545559562993168
0.0011232329433752408,0.8671613729071053,0.5220989635908642,4.883112586167743
0.6039049705489123,-0.3474984219567745,-0.6494552688974491,0.8603697224835685
0.2160630270906816,0.7235856797759483,-0.8591962301915428,-0.6919297166154736
-1.0,-1.0,-0.33910212858411803,5.857160922793724
-0.15960560980941896,0.3478981996236059,-0.27166601471273144,-0.3671147988092436
1.0,-0.1494160138742009,-0.6274394009096647,5.325894827652497
-0.6130779729663061,-0.08096411306884854,-0.6293134680692725,0.8300503584630414
-0.16519036580119884,0.33596631065903604,-0.7044983088123054,-0.6668276107066928
1.0,1.0,0.5229355327582621,13.967523352425733
-0.7052934028516287,-1.0,1.0,2.530920038117046
0.9236980404610253,-1.0,-1.0,-29.5638524927505
0.24911667481389377,-0.08714962310741603,0.2905269679216338,1.1411870334491536
-0.8766162064019472,-1.0,0.4281702584262488,9.489275915248601
-0.8446165976852806,1.0,0.735784064323088,3.4919275672561594
-0.6917497322473383,0.11494632016064377,1.0,2.734431027274142
-0.9130240134994623,0.27623352554846003,1.0,3.1833434227498674
0.40162507651448975,0.9002764522201876,1.0,7.908219048491234
0.596796551922198,0.6549792920664044,0.46775757877374624,2.096271608820473
-0.09543806776858754,-0.8305183738968707,0.547895411401172,0.5461075439015753
1.0,1.0,0.22433734908905278,13.618049945107641
1.0,-0.6836369231633508,-0.32118223459090656,2.8362482243848026
-0.42209694049762025,-0.14840291606695866,-0.8135483008634425,0.14680347940532623
-0.7756190281287862,0.9880631942493527,0.30683649623921694,2.9202362354581073
-0.4645078119743571,-0.913939859521925,0.4978774558074084,1.1052064155892183
0.35633156111717823,-0.994106967456301,-1.0,-19.97455948225617
-1.0,0.36909944977905385,-0.7670807614842552,5.093462088211428
-0.3279997836246191,0.8930174950058996,-0.7331922704233227,1.4410550644701607
-0.02087015477080989,0.06379725945159853,-1.0,-3.2109031354978086
-0.32852367794022697,-0.37634503275778264,1.0,0.6854531401404387
0.8809123873776026,0.07903869623404125,-0.20875732562625582,3.0428467021704244
0.3522707166897854,-1.0,-1.0,-20.882273526033543
-0.24411486644779457,1.0,0.1386202753743766,7.448830719716968
-0.13560148615020817,0.1437043662228643,1.0,0.8085321194179007
-1.0,-0.3349876217230592,1.0,6.109902083167757
0.8124778545432336,0.40327953401777217,1.0,8.851063369008106
0.8096733382816133,0.9001315250751456,-1.0,9.447849605618902
-0.4308827781323572,-0.2514025522118819,1.0,0.9109688168215716
-0.0274445555978724,-0.060470257475610634,0.8369761434140943,0.09084542231923054
0.8089649283936224,0.1932010910042119,-0.27562833221510896,1.6098026285481364
0.05662998914902695,-0.18918772235457904,1.0,-1.0749701157909222
0.0950337072637184,-1.0,-1.0,-17.76908120130818
0.7896098385162185,0.8049269499388121,0.8170108876650053,8.962857740195615
0.6713864200408757,-1.0,0.016083879178875105,-1.5903557211084034
-0.4908493727807759,-1.0,1.0,-3.0852642460386805
1.0,-0.12137015999123979,0.26648736734597067,5.567227627644761
1.0,-0.8090487925820746,-1.0,-8.135591693986909
0.32231562544746617,-0.4994692054778511,1.0,-3.0480730098917213
0.8619741234145222,-1.0,1.0,-7.414398209137653
-0.4104117182229574,-0.633939744499243,-0.2975932960904799,1.3064119542051331
-0.7077101229525125,0.6609444311782091,-0.36753826254997035,-1.5840158855080122
1.0,-1.0,1.0,-10.086269541199655
1.0,1.0,0.3418608005644648,12.929017316986918
-0.6682943950244067,1.0,0.20069456203465785,4.284372347431525
-0.1519778167076684,0.7454632861551467,-0.1593500784499755,1.4739081380488788
-0.33802607529089945,1.0,-0.2579613634616873,7.209257500337345
-0.5892881727632475,1.0,0.18398045214001968,5.067587356801876
1.0,1.0,0.11887463156837486,13.630933182357134
0.2063729353517998,-0.44009898684658677,1.0,-2.5598760522487023
0.3537139018153397,0.9687868397117467,-1.0,3.2998215775084887
-0.2067473181863091,-0.6608053119634851,-0.2927398993452357,1.98360997921588
-0.2008726945556032,0.7536023323411636,-1.0,-3.74272068265015
1.0,-0.9378207449453757,0.005270848925642113,-4.263229465706669
-1.0,0.2849970067585048,0.8072273318207244,-2.730484340562948
0.06132370258730835,-1.0,-0.7106556030484215,-4.331205218972732
-0.24926923536216905,0.1142073911385022,0.816188063005794,0.11048417898748147
-0.8841389352129383,0.07431743434928983,-1.0,7.857335396047035
-0.5632857781326641,0.19551841176572138,-0.8192340138301384,-0.6175070252545777
0.41699266021436365,0.7100625403784295,0.9586353773100194,5.402461318357439
0.23329566613055164,0.013734035246061094,1.0,-2.0251889645894545
-0.6624620343380463,0.2834176885119266,-0.29305837329215545,-1.4223443198325987
-1.0,1.0,0.9387877893059293,11.760723281225777
0.35946453802780276,-0.03364256147410183,-0.46923936764811747,1.5576101233167936
-0.21958748037754816,1.0,-0.42503443950413833,8.53542098390533
0.48584771573155083,0.4344013276696077,-0.5220415382649581,1.2043235501085556
0.6070028065158253,0.4369190379750363,-1.0,-1.3733522775890197
1.0,0.903186159316063,-0.751049840987343,18.060316977336566
-0.7587619942303931,-0.1249569834800861,0.7149704075734329,-0.16108013305305752
1.0,0.06503239970846697,-1.0,8.334735671963934
0.09534065344782539,1.0,1.0,11.552094740636058
0.3213770805763836,0.6782372986584337,-0.7247321411642458,1.484247827535957
0.04622763903269056,-1.0,0.10541829527089419,1.9947413305644885
-0.42686336146270065,-0.8395269468265834,1.0,-1.835158013873339
1.0,-1.0,0.3409468491796812,-6.451103978136397
-1.0,1.0,-1.0,21.57768118084278
0.49906475352760604,0.15006208882328353,0.10643727960844784,1.0519123115603137
0.6149288657615697,0.9418571568466978,-0.16076041030847565,6.926701789538016
0.14628014717844628,-0.9235033993337458,-0.18080733720638764,2.4768302643518085
1.0,-0.20553061646169057,0.2120785343802829,4.341687763215026
-1.0,-1.0,-0.10661860511713583,6.301037111774768
-0.20724083579404917,-1.0,-0.5196434554837879,0.08922995466428604
-0.22350449856371468,-1.0,0.22217133966005087,2.250985440368612
-0.43032781132016407,-0.15361837530678568,0.2206121267939627,0.44767199985125417
-0.3335670873751768,0.5768876285221767,0.9785526659740167,4.480431140943378
-0.30630764485649875,0.221082454038805,-0.9914359582433174,-1.8560777959853594
-1.0,-0.5581244203352824,-0.42756720838165774,-1.0264974378090208
-0.36111533682905894,-0.4213118496620505,-0.4512096729873716,1.3524750169669488
-1.0,1.0,-0.06598698582024176,7.977926061605303
-0.6363759526581638,1.0,-0.07496100794306382,5.0754486406084185
-0.23573716721926452,1.0,-0.15436411021778507,7.559544893898314
-1.0,0.9678883176903552,0.18760824881506966,4.2382590112832075
0.07560646541360083,0.5173068513309047,-0.07756562985139559,1.14442603272531
1.0,0.151040112360475,1.0,15.445462053279938
0.8679090722293532,0.2992632536384354,-1.0,3.779835340864325
0.6736435657510678,-0.11065519386213052,0.6450242182881563,0.7855212260845319
0.07192040584663117,-0.8558334880746943,0.31790830660383906,1.4935444966301317
0.13008383019360958,0.5273141814488265,0.4365807918736546,0.24360282914442877
0.13990465969746002,0.9795370626773647,0.9251261671253126,10.516005276312947
-0.4806925226543508,0.1797005730756025,-0.5065713051096725,-0.8963803479636343
